province,total,job_transfer,job_start,education,marital_family,better_living,dependent_move,return_home,health_care,buying_house,retirement,other,unknown,Work,Education,Family,Living conditions,Other,dominant_group,dominant_reason
Adana,49680,5999,3524,7265,2660,10170,11318,2877,183,681,145,480,4378,9523,7265,16855,10851,5186,Family,dependent_move
Adıyaman,19965,1916,1143,2750,765,3260,4515,3701,41,349,52,283,1190,3059,2750,8981,3609,1566,Family,dependent_move
Afyonkarahisar,19864,2144,1964,4871,969,3281,3888,466,110,368,128,353,1322,4108,4871,5323,3649,1913,Family,education
Ağrı,14899,1908,750,2299,739,2228,4780,651,22,150,12,430,930,2658,2299,6170,2378,1394,Family,dependent_move
Amasya,12458,1388,811,2733,634,1815,3086,375,129,295,200,182,810,2199,2733,4095,2110,1321,Family,dependent_move
Ankara,176833,23230,18083,28383,10720,34773,37681,2332,1237,6779,828,2411,10376,41313,28383,50733,41552,14852,Family,dependent_move
Antalya,96027,10042,11864,9135,5315,21574,26285,666,494,1906,438,1458,6850,21906,9135,32266,23480,9240,Family,dependent_move
Artvin,7329,712,521,2161,364,831,1455,249,67,97,55,381,436,1233,2161,2068,928,939,Education,education
Aydın,37711,3506,3141,6068,1888,9290,7494,711,288,1885,281,562,2597,6647,6068,10093,11175,3728,Living conditions,better_living
Balıkesir,44397,5027,3796,7238,2238,8423,10874,1038,306,1491,921,528,2517,8823,7238,14150,9914,4272,Family,dependent_move
Bilecik,9632,768,1318,2714,504,1256,2028,173,95,148,69,157,402,2086,2714,2705,1404,723,Education,education
Bingöl,9123,1263,570,2341,363,1084,2205,394,35,142,26,209,491,1833,2341,2962,1226,761,Family,education
Bitlis,13861,1857,1174,2249,664,2267,4073,448,29,170,26,192,712,3031,2249,5185,2437,959,Family,dependent_move
Bolu,13136,1349,1112,3873,552,2131,2558,184,104,308,59,234,672,2461,3873,3294,2439,1069,Education,education
Burdur,11184,901,1014,4246,440,1090,2064,511,79,165,52,145,477,1915,4246,3015,1255,753,Education,education
Bursa,75595,8485,8523,8533,5789,16154,18103,478,538,1866,277,824,6025,17008,8533,24370,18020,7664,Family,dependent_move
Çanakkale,23546,2716,1736,5491,1219,4111,5093,432,165,787,221,386,1189,4452,5491,6744,4898,1961,Family,education
Çankırı,13516,906,947,2267,551,1559,4273,751,115,350,191,1160,446,1853,2267,5575,1909,1912,Family,dependent_move
Çorum,15597,1465,1203,3330,689,2889,2894,1161,83,353,100,261,1169,2668,3330,4744,3242,1613,Family,education
Denizli,23327,2755,2434,4320,1334,3865,5412,304,160,378,82,324,1959,5189,4320,7050,4243,2525,Family,dependent_move
Diyarbakır,43666,5915,2590,5794,2057,7188,12604,2679,134,1112,69,515,3009,8505,5794,17340,8300,3727,Family,dependent_move
Edirne,16145,2044,1294,4273,846,2273,3390,692,146,298,110,196,583,3338,4273,4928,2571,1035,Family,education
Elazığ,18481,2257,1070,3500,690,3791,4351,756,76,510,106,289,1085,3327,3500,5797,4301,1556,Family,dependent_move
Erzincan,11798,1638,710,3019,450,1638,2958,285,73,245,58,200,524,2348,3019,3693,1883,855,Family,education
Erzurum,20793,2624,1595,5174,1107,2621,5097,695,128,300,68,311,1073,4219,5174,6899,2921,1580,Family,education
Eskişehir,34386,3629,3802,7567,1751,6657,6458,781,212,771,202,371,2185,7431,7567,8990,7428,2970,Family,education
Gaziantep,54507,5597,3887,6797,3010,12925,12699,3899,119,930,118,613,3913,9484,6797,19608,13855,4763,Family,better_living
Giresun,16717,1699,1262,3011,584,3226,4176,446,98,504,133,455,1123,2961,3011,5206,3730,1809,Family,dependent_move
Gümüşhane,9919,544,423,2987,258,999,2217,583,17,204,43,1291,353,967,2987,3058,1203,1704,Family,education
Hakkari,8952,1752,629,1203,381,1861,2246,215,4,37,3,86,535,2381,1203,2842,1898,628,Family,dependent_move
Hatay,51440,5154,2851,6328,1819,5813,10250,14905,78,543,107,595,2997,8005,6328,26974,6356,3777,Family,return_home
Isparta,16315,1715,1209,4986,703,2927,2946,339,89,277,73,249,802,2924,4986,3988,3204,1213,Education,education
Mersin,57089,5781,4444,7569,2592,14684,14540,196,165,1588,311,693,4526,10225,7569,17328,16272,5695,Family,better_living
İstanbul,329912,34241,37900,43258,19944,92280,62225,1982,1872,8189,1103,4609,22309,72141,43258,84151,100469,29893,Living conditions,better_living
İzmir,106083,12640,12025,15624,7312,24204,21607,750,803,2051,529,1432,7106,24665,15624,29669,26255,9870,Family,better_living
Kars,9727,1433,657,2260,460,1002,2583,618,25,138,26,97,428,2090,2260,3661,1140,576,Family,dependent_move
Kastamonu,14997,1606,1424,3423,673,2745,2906,611,124,397,195,216,677,3030,3423,4190,3142,1212,Family,education
Kayseri,34606,4097,3096,5467,1852,6943,8308,342,171,1085,168,409,2668,7193,5467,10502,8028,3416,Family,dependent_move
Kırklareli,14516,1627,1140,2751,733,2541,3799,386,122,519,68,162,668,2767,2751,4918,3060,1020,Family,dependent_move
Kırşehir,9729,897,781,2486,436,1882,1942,118,144,259,48,170,566,1678,2486,2496,2141,928,Family,education
Kocaeli,76323,7752,6811,7459,6045,21676,17427,253,426,2548,311,918,4697,14563,7459,23725,24224,6352,Living conditions,better_living
Konya,50469,5413,4876,11596,2665,7432,12166,918,337,794,178,557,3537,10289,11596,15749,8226,4609,Family,dependent_move
Kütahya,16701,1430,1290,5775,738,2705,2570,448,79,231,96,313,1026,2720,5775,3756,2936,1514,Education,education
Malatya,31495,2941,1424,5063,1030,4040,5519,9196,116,319,108,431,1308,4365,5063,15745,4359,1963,Family,return_home
Manisa,33408,3515,3024,5482,2474,6245,7555,798,295,743,164,519,2594,6539,5482,10827,6988,3572,Family,dependent_move
Kahramanmaraş,32151,3358,1880,4485,1222,4124,6737,7050,253,550,109,270,2113,5238,4485,15009,4674,2745,Family,return_home
Mardin,28043,3429,1906,3194,1754,4791,8394,1708,143,521,43,472,1688,5335,3194,11856,5312,2346,Family,dependent_move
Muğla,47400,5111,4007,5064,2311,14326,9958,293,179,1389,381,789,3592,9118,5064,12562,15715,4941,Living conditions,better_living
Muş,12061,1328,762,2125,547,2326,3381,293,13,161,26,308,791,2090,2125,4221,2487,1138,Family,dependent_move
Nevşehir,13090,1309,1192,3807,659,1480,2861,458,103,258,88,281,594,2501,3807,3978,1738,1066,Family,education
Niğde,13405,1252,1603,3183,500,2132,3157,237,37,310,57,237,700,2855,3183,3894,2442,1031,Family,education
Ordu,22394,2262,1663,3538,1036,4356,5831,804,90,635,145,317,1717,3925,3538,7671,4991,2269,Family,dependent_move
Rize,12436,992,863,2887,571,2451,2660,610,64,228,58,244,808,1855,2887,3841,2679,1174,Family,education
Sakarya,35743,3401,2714,6506,1937,9121,7898,122,135,1270,160,442,2037,6115,6506,9957,10391,2774,Living conditions,better_living
Samsun,43566,4576,4039,8393,2051,9416,8563,1310,278,1124,286,523,3007,8615,8393,11924,10540,4094,Family,better_living
Siirt,10203,1542,579,1738,553,1485,3252,87,20,188,9,150,600,2121,1738,3892,1673,779,Family,dependent_move
Sinop,10719,894,716,2635,456,2593,1922,289,96,303,131,166,518,1610,2635,2667,2896,911,Living conditions,education
Sivas,19978,1997,1518,4876,981,3294,4301,774,106,487,120,428,1096,3515,4876,6056,3781,1750,Family,education
Tekirdağ,51534,5504,4964,3291,3098,11132,16870,567,443,2193,254,752,2466,10468,3291,20535,13325,3915,Family,dependent_move
Tokat,32800,2100,1334,4377,854,6912,8415,305,150,594,236,6250,1273,3434,4377,9574,7506,7909,Family,dependent_move
Trabzon,23846,2026,1850,6399,908,4812,4319,699,205,437,129,345,1717,3876,6399,5926,5249,2396,Education,education
Tunceli,6078,1228,276,1280,220,526,1506,388,262,89,27,56,220,1504,1280,2114,615,565,Family,dependent_move
Şanlıurfa,43655,4630,2377,4578,2052,9399,13278,2365,41,893,44,614,3384,7007,4578,17695,10292,4083,Family,dependent_move
Uşak,9557,864,680,2627,498,1887,1805,19,81,246,54,109,687,1544,2627,2322,2133,931,Education,education
Van,31580,3983,2166,4388,1318,7322,7822,1496,77,407,58,335,2208,6149,4388,10636,7729,2678,Family,dependent_move
Yozgat,17181,1519,2043,3170,795,2349,3603,1057,139,348,177,1048,933,3562,3170,5455,2697,2297,Family,dependent_move
Zonguldak,17143,1489,1357,4815,899,2820,3275,733,115,227,58,209,1146,2846,4815,4907,3047,1528,Family,education
Aksaray,12270,1224,972,2515,692,2383,2898,106,51,257,52,184,936,2196,2515,3696,2640,1223,Family,dependent_move
Bayburt,5064,565,302,1887,129,531,1226,31,62,40,14,141,136,867,1887,1386,571,353,Education,education
Karaman,9440,880,1015,2973,387,1247,1857,154,34,133,28,149,583,1895,2973,2398,1380,794,Education,education
Kırıkkale,12287,1330,1271,2747,516,2214,2390,328,334,286,73,208,590,2601,2747,3234,2500,1205,Family,education
Batman,21076,2082,1695,2607,860,3510,7616,312,47,582,44,300,1421,3777,2607,8788,4092,1812,Family,dependent_move
Şırnak,14227,2851,731,1621,704,2094,4872,80,22,121,14,179,938,3582,1621,5656,2215,1153,Family,dependent_move
Bartın,8227,765,579,2461,323,1163,1709,417,60,181,61,142,366,1344,2461,2449,1344,629,Education,education
Ardahan,4914,729,401,1142,161,818,1089,224,12,38,23,69,208,1130,1142,1474,856,312,Family,education
Iğdır,7876,900,488,1961,331,1255,2135,92,39,128,9,83,455,1388,1961,2558,1383,586,Family,dependent_move
Yalova,18052,1431,2057,2236,1062,3542,4821,406,202,875,105,383,932,3488,2236,6289,4417,1622,Family,dependent_move
Karabük,10263,824,1005,3348,428,1671,1719,113,89,268,70,148,580,1829,3348,2260,1939,887,Education,education
Kilis,7501,851,401,1724,295,1824,1664,143,9,156,12,72,350,1252,1724,2102,1980,443,Family,better_living
Osmaniye,19293,2274,1065,3337,825,4193,4137,1262,107,323,89,187,1494,3339,3337,6224,4516,1877,Family,better_living
Düzce,14112,1375,1177,3110,815,2378,3555,64,124,516,83,141,774,2552,3110,4434,2894,1122,Family,dependent_move
