province,Work,Education,Family,Living conditions,Other
Adana,19.2,14.6,33.9,21.8,10.4
Adıyaman,15.3,13.8,45.0,18.1,7.8
Afyonkarahisar,20.7,24.5,26.8,18.4,9.6
Ağrı,17.8,15.4,41.4,16.0,9.4
Amasya,17.7,21.9,32.9,16.9,10.6
Ankara,23.4,16.1,28.7,23.5,8.4
Antalya,22.8,9.5,33.6,24.5,9.6
Artvin,16.8,29.5,28.2,12.7,12.8
Aydın,17.6,16.1,26.8,29.6,9.9
Balıkesir,19.9,16.3,31.9,22.3,9.6
Bilecik,21.7,28.2,28.1,14.6,7.5
Bingöl,20.1,25.7,32.5,13.4,8.3
Bitlis,21.9,16.2,37.4,17.6,6.9
Bolu,18.7,29.5,25.1,18.6,8.1
Burdur,17.1,38.0,27.0,11.2,6.7
Bursa,22.5,11.3,32.2,23.8,10.1
Çanakkale,18.9,23.3,28.6,20.8,8.3
Çankırı,13.7,16.8,41.2,14.1,14.1
Çorum,17.1,21.4,30.4,20.8,10.3
Denizli,22.2,18.5,30.2,18.2,10.8
Diyarbakır,19.5,13.3,39.7,19.0,8.5
Edirne,20.7,26.5,30.5,15.9,6.4
Elazığ,18.0,18.9,31.4,23.3,8.4
Erzincan,19.9,25.6,31.3,16.0,7.2
Erzurum,20.3,24.9,33.2,14.0,7.6
Eskişehir,21.6,22.0,26.1,21.6,8.6
Gaziantep,17.4,12.5,36.0,25.4,8.7
Giresun,17.7,18.0,31.1,22.3,10.8
Gümüşhane,9.7,30.1,30.8,12.1,17.2
Hakkari,26.6,13.4,31.7,21.2,7.0
Hatay,15.6,12.3,52.4,12.4,7.3
Isparta,17.9,30.6,24.4,19.6,7.4
Mersin,17.9,13.3,30.4,28.5,10.0
İstanbul,21.9,13.1,25.5,30.5,9.1
İzmir,23.3,14.7,28.0,24.7,9.3
Kars,21.5,23.2,37.6,11.7,5.9
Kastamonu,20.2,22.8,27.9,21.0,8.1
Kayseri,20.8,15.8,30.3,23.2,9.9
Kırklareli,19.1,19.0,33.9,21.1,7.0
Kırşehir,17.2,25.6,25.7,22.0,9.5
Kocaeli,19.1,9.8,31.1,31.7,8.3
Konya,20.4,23.0,31.2,16.3,9.1
Kütahya,16.3,34.6,22.5,17.6,9.1
Malatya,13.9,16.1,50.0,13.8,6.2
Manisa,19.6,16.4,32.4,20.9,10.7
Kahramanmaraş,16.3,13.9,46.7,14.5,8.5
Mardin,19.0,11.4,42.3,18.9,8.4
Muğla,19.2,10.7,26.5,33.2,10.4
Muş,17.3,17.6,35.0,20.6,9.4
Nevşehir,19.1,29.1,30.4,13.3,8.1
Niğde,21.3,23.7,29.0,18.2,7.7
Ordu,17.5,15.8,34.3,22.3,10.1
Rize,14.9,23.2,30.9,21.5,9.4
Sakarya,17.1,18.2,27.9,29.1,7.8
Samsun,19.8,19.3,27.4,24.2,9.4
Siirt,20.8,17.0,38.1,16.4,7.6
Sinop,15.0,24.6,24.9,27.0,8.5
Sivas,17.6,24.4,30.3,18.9,8.8
Tekirdağ,20.3,6.4,39.8,25.9,7.6
Tokat,10.5,13.3,29.2,22.9,24.1
Trabzon,16.3,26.8,24.9,22.0,10.0
Tunceli,24.7,21.1,34.8,10.1,9.3
Şanlıurfa,16.1,10.5,40.5,23.6,9.4
Uşak,16.2,27.5,24.3,22.3,9.7
Van,19.5,13.9,33.7,24.5,8.5
Yozgat,20.7,18.5,31.8,15.7,13.4
Zonguldak,16.6,28.1,28.6,17.8,8.9
Aksaray,17.9,20.5,30.1,21.5,10.0
Bayburt,17.1,37.3,27.4,11.3,7.0
Karaman,20.1,31.5,25.4,14.6,8.4
Kırıkkale,21.2,22.4,26.3,20.3,9.8
Batman,17.9,12.4,41.7,19.4,8.6
Şırnak,25.2,11.4,39.8,15.6,8.1
Bartın,16.3,29.9,29.8,16.3,7.6
Ardahan,23.0,23.2,30.0,17.4,6.3
Iğdır,17.6,24.9,32.5,17.6,7.4
Yalova,19.3,12.4,34.8,24.5,9.0
Karabük,17.8,32.6,22.0,18.9,8.6
Kilis,16.7,23.0,28.0,26.4,5.9
Osmaniye,17.3,17.3,32.3,23.4,9.7
Düzce,18.1,22.0,31.4,20.5,8.0
